{
    "employees": [
        {
            "id": 101,
            "name": "King Kochhar",
            "salary": 12000
        },
        {
            "id": 102,
            "name": "John Smith",
            "salary": 22000
        },
        {
            "id": 103,
            "name": "Shreya Ghoshal",
            "salary": 32000
        },
        {
            "id": 104,
            "name": "Gautam Bhalla",
            "salary": 43000
        },
        {
            "id": 105,
            "name": "Kartik Aryan",
            "salary": 20000
        }
    ]
}